IRI Week,Year,Calendar week starting on,Calendar week ending on,Jan,Feb,Mar,Apr,May,Jun,July,Aug,Sep,Oct,Nov,Dec,Halloween,Halloween_1,Thanksgiving,Thanksgiving_1,Christmas,Christmas_1,NewYear,President,President_1,Easter,Easter_1,Memorial,Memorial_1,4thJuly,4thJuly_1,Labour,Labour_1
1114,2001,1-Jan-01,7-Jan-01,1,,,,,,,,,,,,0,,,,,,,,,,,,,,,,
1115,2001,8-Jan-01,14-Jan-01,1,,,,,,,,,,,,0,,,,,,,,,,,,,,,,
1116,2001,15-Jan-01,21-Jan-01,1,,,,,,,,,,,,0,,,,,,,,,,,,,,,,
1117,2001,22-Jan-01,28-Jan-01,1,,,,,,,,,,,,0,,,,,,,,,,,,,,,,
1118,2001,29-Jan-01,4-Feb-01,,1,,,,,,,,,,,0,,,,,,,,,,,,,,,,
1119,2001,5-Feb-01,11-Feb-01,,1,,,,,,,,,,,0,,,,,,,,1,,,,,,,,
1120,2001,12-Feb-01,18-Feb-01,,1,,,,,,,,,,,0,,,,,,,1,,,,,,,,,
1121,2001,19-Feb-01,25-Feb-01,,1,,,,,,,,,,,0,,,,,,,,,,,,,,,,
1122,2001,26-Feb-01,4-Mar-01,,,1,,,,,,,,,,0,,,,,,,,,,,,,,,,
1123,2001,5-Mar-01,11-Mar-01,,,1,,,,,,,,,,0,,,,,,,,,,,,,,,,
1124,2001,12-Mar-01,18-Mar-01,,,1,,,,,,,,,,0,,,,,,,,,,,,,,,,
1125,2001,19-Mar-01,25-Mar-01,,,1,,,,,,,,,,0,,,,,,,,,,,,,,,,
1126,2001,26-Mar-01,1-Apr-01,,,1,,,,,,,,,,0,,,,,,,,,,,,,,,,
1127,2001,2-Apr-01,8-Apr-01,,,,1,,,,,,,,,0,,,,,,,,,,1,,,,,,
1128,2001,9-Apr-01,15-Apr-01,,,,1,,,,,,,,,0,,,,,,,,,1,,,,,,,
1129,2001,16-Apr-01,22-Apr-01,,,,1,,,,,,,,,0,,,,,,,,,,,,,,,,
1130,2001,23-Apr-01,29-Apr-01,,,,1,,,,,,,,,0,,,,,,,,,,,,,,,,
1131,2001,30-Apr-01,6-May-01,,,,,1,,,,,,,,0,,,,,,,,,,,,,,,,
1132,2001,7-May-01,13-May-01,,,,,1,,,,,,,,0,,,,,,,,,,,,,,,,
1133,2001,14-May-01,20-May-01,,,,,1,,,,,,,,0,,,,,,,,,,,,,,,,
1134,2001,21-May-01,27-May-01,,,,,1,,,,,,,,0,,,,,,,,,,,,1,,,,
1135,2001,28-May-01,3-Jun-01,,,,,1,,,,,,,,0,,,,,,,,,,,1,,,,,
1136,2001,4-Jun-01,10-Jun-01,,,,,,1,,,,,,,0,,,,,,,,,,,,,,,,
1137,2001,11-Jun-01,17-Jun-01,,,,,,1,,,,,,,0,,,,,,,,,,,,,,,,
1138,2001,18-Jun-01,24-Jun-01,,,,,,1,,,,,,,0,,,,,,,,,,,,,,,,
1139,2001,25-Jun-01,1-Jul-01,,,,,,1,,,,,,,0,,,,,,,,,,,,,,1,,
1140,2001,2-Jul-01,8-Jul-01,,,,,,,1,,,,,,0,,,,,,,,,,,,,1,,,
1141,2001,9-Jul-01,15-Jul-01,,,,,,,1,,,,,,0,,,,,,,,,,,,,,,,
1142,2001,16-Jul-01,22-Jul-01,,,,,,,1,,,,,,0,,,,,,,,,,,,,,,,
1143,2001,23-Jul-01,29-Jul-01,,,,,,,1,,,,,,0,,,,,,,,,,,,,,,,
1144,2001,30-Jul-01,5-Aug-01,,,,,,,,1,,,,,0,,,,,,,,,,,,,,,,
1145,2001,6-Aug-01,12-Aug-01,,,,,,,,1,,,,,0,,,,,,,,,,,,,,,,
1146,2001,13-Aug-01,19-Aug-01,,,,,,,,1,,,,,0,,,,,,,,,,,,,,,,
1147,2001,20-Aug-01,26-Aug-01,,,,,,,,1,,,,,0,,,,,,,,,,,,,,,,
1148,2001,27-Aug-01,2-Sep-01,,,,,,,,1,,,,,0,,,,,,,,,,,,,,,,1
1149,2001,3-Sep-01,9-Sep-01,,,,,,,,,1,,,,0,,,,,,,,,,,,,,,1,
1150,2001,10-Sep-01,16-Sep-01,,,,,,,,,1,,,,0,,,,,,,,,,,,,,,,
1151,2001,17-Sep-01,23-Sep-01,,,,,,,,,1,,,,0,,,,,,,,,,,,,,,,
1152,2001,24-Sep-01,30-Sep-01,,,,,,,,,1,,,,0,,,,,,,,,,,,,,,,
1153,2001,1-Oct-01,7-Oct-01,,,,,,,,,,1,,,0,,,,,,,,,,,,,,,,
1154,2001,8-Oct-01,14-Oct-01,,,,,,,,,,1,,,0,,,,,,,,,,,,,,,,
1155,2001,15-Oct-01,21-Oct-01,,,,,,,,,,1,,,0,,,,,,,,,,,,,,,,
1156,2001,22-Oct-01,28-Oct-01,,,,,,,,,,1,,,0,1,,,,,,,,,,,,,,,
1157,2001,29-Oct-01,4-Nov-01,,,,,,,,,,,1,,1,,,,,,,,,,,,,,,,
1158,2001,5-Nov-01,11-Nov-01,,,,,,,,,,,1,,0,,,,,,,,,,,,,,,,
1159,2001,12-Nov-01,18-Nov-01,,,,,,,,,,,1,,0,,,1,,,,,,,,,,,,,
1160,2001,19-Nov-01,25-Nov-01,,,,,,,,,,,1,,0,,1,,,,,,,,,,,,,,
1161,2001,26-Nov-01,2-Dec-01,,,,,,,,,,,1,,0,,,,,,,,,,,,,,,,
1162,2001,3-Dec-01,9-Dec-01,,,,,,,,,,,,1,0,,,,,,,,,,,,,,,,
1163,2001,10-Dec-01,16-Dec-01,,,,,,,,,,,,1,0,,,,,,,,,,,,,,,,
1164,2001,17-Dec-01,23-Dec-01,,,,,,,,,,,,1,0,,,,,1,,,,,,,,,,,
1165,2001,24-Dec-01,30-Dec-01,,,,,,,,,,,,1,0,,,,1,,,,,,,,,,,,
1166,2001,31-Dec-01,6-Jan-02,1,,,,,,,,,,,,0,,,,,,1,,,,,,,,,,
1167,2002,7-Jan-02,13-Jan-02,1,,,,,,,,,,,,0,,,,,,,,,,,,,,,,
1168,2002,14-Jan-02,20-Jan-02,1,,,,,,,,,,,,0,,,,,,,,,,,,,,,,
1169,2002,21-Jan-02,27-Jan-02,1,,,,,,,,,,,,0,,,,,,,,,,,,,,,,
1170,2002,28-Jan-02,3-Feb-02,1,,,,,,,,,,,,0,,,,,,,,,,,,,,,,
1171,2002,4-Feb-02,10-Feb-02,,1,,,,,,,,,,,0,,,,,,,,1,,,,,,,,
1172,2002,11-Feb-02,17-Feb-02,,1,,,,,,,,,,,0,,,,,,,1,,,,,,,,,
1173,2002,18-Feb-02,24-Feb-02,,1,,,,,,,,,,,0,,,,,,,,,,,,,,,,
1174,2002,25-Feb-02,3-Mar-02,,1,,,,,,,,,,,0,,,,,,,,,,,,,,,,
1175,2002,4-Mar-02,10-Mar-02,,,1,,,,,,,,,,0,,,,,,,,,,,,,,,,
1176,2002,11-Mar-02,17-Mar-02,,,1,,,,,,,,,,0,,,,,,,,,,,,,,,,
1177,2002,18-Mar-02,24-Mar-02,,,1,,,,,,,,,,0,,,,,,,,,,1,,,,,,
1178,2002,25-Mar-02,31-Mar-02,,,1,,,,,,,,,,0,,,,,,,,,1,,,,,,,
1179,2002,1-Apr-02,7-Apr-02,,,,1,,,,,,,,,0,,,,,,,,,,,,,,,,
1180,2002,8-Apr-02,14-Apr-02,,,,1,,,,,,,,,0,,,,,,,,,,,,,,,,
1181,2002,15-Apr-02,21-Apr-02,,,,1,,,,,,,,,0,,,,,,,,,,,,,,,,
1182,2002,22-Apr-02,28-Apr-02,,,,1,,,,,,,,,0,,,,,,,,,,,,,,,,
1183,2002,29-Apr-02,5-May-02,,,,,1,,,,,,,,0,,,,,,,,,,,,,,,,
1184,2002,6-May-02,12-May-02,,,,,1,,,,,,,,0,,,,,,,,,,,,,,,,
1185,2002,13-May-02,19-May-02,,,,,1,,,,,,,,0,,,,,,,,,,,,,,,,
1186,2002,20-May-02,26-May-02,,,,,1,,,,,,,,0,,,,,,,,,,,,1,,,,
1187,2002,27-May-02,2-Jun-02,,,,,1,,,,,,,,0,,,,,,,,,,,1,,,,,
1188,2002,3-Jun-02,9-Jun-02,,,,,,1,,,,,,,0,,,,,,,,,,,,,,,,
1189,2002,10-Jun-02,16-Jun-02,,,,,,1,,,,,,,0,,,,,,,,,,,,,,,,
1190,2002,17-Jun-02,23-Jun-02,,,,,,1,,,,,,,0,,,,,,,,,,,,,,,,
1191,2002,24-Jun-02,30-Jun-02,,,,,,1,,,,,,,0,,,,,,,,,,,,,,1,,
1192,2002,1-Jul-02,7-Jul-02,,,,,,,1,,,,,,0,,,,,,,,,,,,,1,,,
1193,2002,8-Jul-02,14-Jul-02,,,,,,,1,,,,,,0,,,,,,,,,,,,,,,,
1194,2002,15-Jul-02,21-Jul-02,,,,,,,1,,,,,,0,,,,,,,,,,,,,,,,
1195,2002,22-Jul-02,28-Jul-02,,,,,,,1,,,,,,0,,,,,,,,,,,,,,,,
1196,2002,29-Jul-02,4-Aug-02,,,,,,,,1,,,,,0,,,,,,,,,,,,,,,,
1197,2002,5-Aug-02,11-Aug-02,,,,,,,,1,,,,,0,,,,,,,,,,,,,,,,
1198,2002,12-Aug-02,18-Aug-02,,,,,,,,1,,,,,0,,,,,,,,,,,,,,,,
1199,2002,19-Aug-02,25-Aug-02,,,,,,,,1,,,,,0,,,,,,,,,,,,,,,,
1200,2002,26-Aug-02,1-Sep-02,,,,,,,,1,,,,,0,,,,,,,,,,,,,,,,1
1201,2002,2-Sep-02,8-Sep-02,,,,,,,,,1,,,,0,,,,,,,,,,,,,,,1,
1202,2002,9-Sep-02,15-Sep-02,,,,,,,,,1,,,,0,,,,,,,,,,,,,,,,
1203,2002,16-Sep-02,22-Sep-02,,,,,,,,,1,,,,0,,,,,,,,,,,,,,,,
1204,2002,23-Sep-02,29-Sep-02,,,,,,,,,1,,,,0,,,,,,,,,,,,,,,,
1205,2002,30-Sep-02,6-Oct-02,,,,,,,,,,1,,,0,,,,,,,,,,,,,,,,
1206,2002,7-Oct-02,13-Oct-02,,,,,,,,,,1,,,0,,,,,,,,,,,,,,,,
1207,2002,14-Oct-02,20-Oct-02,,,,,,,,,,1,,,0,,,,,,,,,,,,,,,,
1208,2002,21-Oct-02,27-Oct-02,,,,,,,,,,1,,,0,1,,,,,,,,,,,,,,,
1209,2002,28-Oct-02,3-Nov-02,,,,,,,,,,1,,,1,,,,,,,,,,,,,,,,
1210,2002,4-Nov-02,10-Nov-02,,,,,,,,,,,1,,0,,,,,,,,,,,,,,,,
1211,2002,11-Nov-02,17-Nov-02,,,,,,,,,,,1,,0,,,1,,,,,,,,,,,,,
1212,2002,18-Nov-02,24-Nov-02,,,,,,,,,,,1,,0,,1,,,,,,,,,,,,,,
1213,2002,25-Nov-02,1-Dec-02,,,,,,,,,,,1,,0,,,,,,,,,,,,,,,,
1214,2002,2-Dec-02,8-Dec-02,,,,,,,,,,,,1,0,,,,,,,,,,,,,,,,
1215,2002,9-Dec-02,15-Dec-02,,,,,,,,,,,,1,0,,,,,,,,,,,,,,,,
1216,2002,16-Dec-02,22-Dec-02,,,,,,,,,,,,1,0,,,,,1,,,,,,,,,,,
1217,2002,23-Dec-02,29-Dec-02,,,,,,,,,,,,1,0,,,,1,,,,,,,,,,,,
1218,2002,30-Dec-02,5-Jan-03,1,,,,,,,,,,,,0,,,,,,1,,,,,,,,,,
1219,2003,6-Jan-03,12-Jan-03,1,,,,,,,,,,,,0,,,,,,,,,,,,,,,,
1220,2003,13-Jan-03,19-Jan-03,1,,,,,,,,,,,,0,,,,,,,,,,,,,,,,
1221,2003,20-Jan-03,26-Jan-03,1,,,,,,,,,,,,0,,,,,,,,,,,,,,,,
1222,2003,27-Jan-03,2-Feb-03,1,,,,,,,,,,,,0,,,,,,,,,,,,,,,,
1223,2003,3-Feb-03,9-Feb-03,,1,,,,,,,,,,,0,,,,,,,,1,,,,,,,,
1224,2003,10-Feb-03,16-Feb-03,,1,,,,,,,,,,,0,,,,,,,1,,,,,,,,,
1225,2003,17-Feb-03,23-Feb-03,,1,,,,,,,,,,,0,,,,,,,,,,,,,,,,
1226,2003,24-Feb-03,2-Mar-03,,1,,,,,,,,,,,0,,,,,,,,,,,,,,,,
1227,2003,3-Mar-03,9-Mar-03,,,1,,,,,,,,,,0,,,,,,,,,,,,,,,,
1228,2003,10-Mar-03,16-Mar-03,,,1,,,,,,,,,,0,,,,,,,,,,,,,,,,
1229,2003,17-Mar-03,23-Mar-03,,,1,,,,,,,,,,0,,,,,,,,,,,,,,,,
1230,2003,24-Mar-03,30-Mar-03,,,1,,,,,,,,,,0,,,,,,,,,,,,,,,,
1231,2003,31-Mar-03,6-Apr-03,,,,1,,,,,,,,,0,,,,,,,,,,,,,,,,
1232,2003,7-Apr-03,13-Apr-03,,,,1,,,,,,,,,0,,,,,,,,,,1,,,,,,
1233,2003,14-Apr-03,20-Apr-03,,,,1,,,,,,,,,0,,,,,,,,,1,,,,,,,
1234,2003,21-Apr-03,27-Apr-03,,,,1,,,,,,,,,0,,,,,,,,,,,,,,,,
1235,2003,28-Apr-03,4-May-03,,,,,1,,,,,,,,0,,,,,,,,,,,,,,,,
1236,2003,5-May-03,11-May-03,,,,,1,,,,,,,,0,,,,,,,,,,,,,,,,
1237,2003,12-May-03,18-May-03,,,,,1,,,,,,,,0,,,,,,,,,,,,,,,,
1238,2003,19-May-03,25-May-03,,,,,1,,,,,,,,0,,,,,,,,,,,,1,,,,
1239,2003,26-May-03,1-Jun-03,,,,,1,,,,,,,,0,,,,,,,,,,,1,,,,,
1240,2003,2-Jun-03,8-Jun-03,,,,,,1,,,,,,,0,,,,,,,,,,,,,,,,
1241,2003,9-Jun-03,15-Jun-03,,,,,,1,,,,,,,0,,,,,,,,,,,,,,,,
1242,2003,16-Jun-03,22-Jun-03,,,,,,1,,,,,,,0,,,,,,,,,,,,,,,,
1243,2003,23-Jun-03,29-Jun-03,,,,,,1,,,,,,,0,,,,,,,,,,,,,,1,,
1244,2003,30-Jun-03,6-Jul-03,,,,,,,1,,,,,,0,,,,,,,,,,,,,1,,,
1245,2003,7-Jul-03,13-Jul-03,,,,,,,1,,,,,,0,,,,,,,,,,,,,,,,
1246,2003,14-Jul-03,20-Jul-03,,,,,,,1,,,,,,0,,,,,,,,,,,,,,,,
1247,2003,21-Jul-03,27-Jul-03,,,,,,,1,,,,,,0,,,,,,,,,,,,,,,,
1248,2003,28-Jul-03,3-Aug-03,,,,,,,,1,,,,,0,,,,,,,,,,,,,,,,
1249,2003,4-Aug-03,10-Aug-03,,,,,,,,1,,,,,0,,,,,,,,,,,,,,,,
1250,2003,11-Aug-03,17-Aug-03,,,,,,,,1,,,,,0,,,,,,,,,,,,,,,,
1251,2003,18-Aug-03,24-Aug-03,,,,,,,,1,,,,,0,,,,,,,,,,,,,,,,
1252,2003,25-Aug-03,31-Aug-03,,,,,,,,1,,,,,0,,,,,,,,,,,,,,,,1
1253,2003,1-Sep-03,7-Sep-03,,,,,,,,,1,,,,0,,,,,,,,,,,,,,,1,
1254,2003,8-Sep-03,14-Sep-03,,,,,,,,,1,,,,0,,,,,,,,,,,,,,,,
1255,2003,15-Sep-03,21-Sep-03,,,,,,,,,1,,,,0,,,,,,,,,,,,,,,,
1256,2003,22-Sep-03,28-Sep-03,,,,,,,,,1,,,,0,,,,,,,,,,,,,,,,
1257,2003,29-Sep-03,5-Oct-03,,,,,,,,,,1,,,0,,,,,,,,,,,,,,,,
1258,2003,6-Oct-03,12-Oct-03,,,,,,,,,,1,,,0,,,,,,,,,,,,,,,,
1259,2003,13-Oct-03,19-Oct-03,,,,,,,,,,1,,,0,,,,,,,,,,,,,,,,
1260,2003,20-Oct-03,26-Oct-03,,,,,,,,,,1,,,0,1,,,,,,,,,,,,,,,
1261,2003,27-Oct-03,2-Nov-03,,,,,,,,,,1,,,1,,,,,,,,,,,,,,,,
1262,2003,3-Nov-03,9-Nov-03,,,,,,,,,,,1,,0,,,,,,,,,,,,,,,,
1263,2003,10-Nov-03,16-Nov-03,,,,,,,,,,,1,,0,,,1,,,,,,,,,,,,,
1264,2003,17-Nov-03,23-Nov-03,,,,,,,,,,,1,,0,,1,,,,,,,,,,,,,,
1265,2003,24-Nov-03,30-Nov-03,,,,,,,,,,,1,,0,,,,,,,,,,,,,,,,
1266,2003,1-Dec-03,7-Dec-03,,,,,,,,,,,,1,0,,,,,,,,,,,,,,,,
1267,2003,8-Dec-03,14-Dec-03,,,,,,,,,,,,1,0,,,,,,,,,,,,,,,,
1268,2003,15-Dec-03,21-Dec-03,,,,,,,,,,,,1,0,,,,,1,,,,,,,,,,,
1269,2003,22-Dec-03,28-Dec-03,,,,,,,,,,,,1,0,,,,1,,,,,,,,,,,,
1270,2003,29-Dec-03,4-Jan-04,1,,,,,,,,,,,,0,,,,,,1,,,,,,,,,,
1271,2004,5-Jan-04,11-Jan-04,1,,,,,,,,,,,,0,,,,,,,,,,,,,,,,
1272,2004,12-Jan-04,18-Jan-04,1,,,,,,,,,,,,0,,,,,,,,,,,,,,,,
1273,2004,19-Jan-04,25-Jan-04,1,,,,,,,,,,,,0,,,,,,,,,,,,,,,,
1274,2004,26-Jan-04,1-Feb-04,1,,,,,,,,,,,,0,,,,,,,,,,,,,,,,
1275,2004,2-Feb-04,8-Feb-04,,1,,,,,,,,,,,0,,,,,,,,1,,,,,,,,
1276,2004,9-Feb-04,15-Feb-04,,1,,,,,,,,,,,0,,,,,,,1,,,,,,,,,
1277,2004,16-Feb-04,22-Feb-04,,1,,,,,,,,,,,0,,,,,,,,,,,,,,,,
1278,2004,23-Feb-04,29-Feb-04,,1,,,,,,,,,,,0,,,,,,,,,,,,,,,,
1279,2004,1-Mar-04,7-Mar-04,,,1,,,,,,,,,,0,,,,,,,,,,,,,,,,
1280,2004,8-Mar-04,14-Mar-04,,,1,,,,,,,,,,0,,,,,,,,,,,,,,,,
1281,2004,15-Mar-04,21-Mar-04,,,1,,,,,,,,,,0,,,,,,,,,,,,,,,,
1282,2004,22-Mar-04,28-Mar-04,,,1,,,,,,,,,,0,,,,,,,,,,,,,,,,
1283,2004,29-Mar-04,4-Apr-04,,,,1,,,,,,,,,0,,,,,,,,,,1,,,,,,
1284,2004,5-Apr-04,11-Apr-04,,,,1,,,,,,,,,0,,,,,,,,,1,,,,,,,
1285,2004,12-Apr-04,18-Apr-04,,,,1,,,,,,,,,0,,,,,,,,,,,,,,,,
1286,2004,19-Apr-04,25-Apr-04,,,,1,,,,,,,,,0,,,,,,,,,,,,,,,,
1287,2004,26-Apr-04,2-May-04,,,,1,,,,,,,,,0,,,,,,,,,,,,,,,,
1288,2004,3-May-04,9-May-04,,,,,1,,,,,,,,0,,,,,,,,,,,,,,,,
1289,2004,10-May-04,16-May-04,,,,,1,,,,,,,,0,,,,,,,,,,,,,,,,
1290,2004,17-May-04,23-May-04,,,,,1,,,,,,,,0,,,,,,,,,,,,,,,,
1291,2004,24-May-04,30-May-04,,,,,1,,,,,,,,0,,,,,,,,,,,,1,,,,
1292,2004,31-May-04,6-Jun-04,,,,,,1,,,,,,,0,,,,,,,,,,,1,,,,,
1293,2004,7-Jun-04,13-Jun-04,,,,,,1,,,,,,,0,,,,,,,,,,,,,,,,
1294,2004,14-Jun-04,20-Jun-04,,,,,,1,,,,,,,0,,,,,,,,,,,,,,,,
1295,2004,21-Jun-04,27-Jun-04,,,,,,1,,,,,,,0,,,,,,,,,,,,,,1,,
1296,2004,28-Jun-04,4-Jul-04,,,,,,,1,,,,,,0,,,,,,,,,,,,,1,,,
1297,2004,5-Jul-04,11-Jul-04,,,,,,,1,,,,,,0,,,,,,,,,,,,,,,,
1298,2004,12-Jul-04,18-Jul-04,,,,,,,1,,,,,,0,,,,,,,,,,,,,,,,
1299,2004,19-Jul-04,25-Jul-04,,,,,,,1,,,,,,0,,,,,,,,,,,,,,,,
1300,2004,26-Jul-04,1-Aug-04,,,,,,,1,,,,,,0,,,,,,,,,,,,,,,,
1301,2004,2-Aug-04,8-Aug-04,,,,,,,,1,,,,,0,,,,,,,,,,,,,,,,
1302,2004,9-Aug-04,15-Aug-04,,,,,,,,1,,,,,0,,,,,,,,,,,,,,,,
1303,2004,16-Aug-04,22-Aug-04,,,,,,,,1,,,,,0,,,,,,,,,,,,,,,,
1304,2004,23-Aug-04,29-Aug-04,,,,,,,,1,,,,,0,,,,,,,,,,,,,,,,
1305,2004,30-Aug-04,5-Sep-04,,,,,,,,,1,,,,0,,,,,,,,,,,,,,,,1
1306,2004,6-Sep-04,12-Sep-04,,,,,,,,,1,,,,0,,,,,,,,,,,,,,,1,
1307,2004,13-Sep-04,19-Sep-04,,,,,,,,,1,,,,0,,,,,,,,,,,,,,,,
1308,2004,20-Sep-04,26-Sep-04,,,,,,,,,1,,,,0,,,,,,,,,,,,,,,,
1309,2004,27-Sep-04,3-Oct-04,,,,,,,,,,1,,,0,,,,,,,,,,,,,,,,
1310,2004,4-Oct-04,10-Oct-04,,,,,,,,,,1,,,0,,,,,,,,,,,,,,,,
1311,2004,11-Oct-04,17-Oct-04,,,,,,,,,,1,,,0,,,,,,,,,,,,,,,,
1312,2004,18-Oct-04,24-Oct-04,,,,,,,,,,1,,,0,1,,,,,,,,,,,,,,,
1313,2004,25-Oct-04,31-Oct-04,,,,,,,,,,1,,,1,,,,,,,,,,,,,,,,
1314,2004,1-Nov-04,7-Nov-04,,,,,,,,,,,1,,0,,,,,,,,,,,,,,,,
1315,2004,8-Nov-04,14-Nov-04,,,,,,,,,,,1,,0,,,,,,,,,,,,,,,,
1316,2004,15-Nov-04,21-Nov-04,,,,,,,,,,,1,,0,,,1,,,,,,,,,,,,,
1317,2004,22-Nov-04,28-Nov-04,,,,,,,,,,,1,,0,,1,,,,,,,,,,,,,,
1318,2004,29-Nov-04,5-Dec-04,,,,,,,,,,,,1,0,,,,,,,,,,,,,,,,
1319,2004,6-Dec-04,12-Dec-04,,,,,,,,,,,,1,0,,,,,,,,,,,,,,,,
1320,2004,13-Dec-04,19-Dec-04,,,,,,,,,,,,1,0,,,,,1,,,,,,,,,,,
1321,2004,20-Dec-04,26-Dec-04,,,,,,,,,,,,1,0,,,,1,,,,,,,,,,,,
1322,2004,27-Dec-04,2-Jan-05,,,,,,,,,,,,1,0,,,,,,1,,,,,,,,,,
1323,2005,3-Jan-05,9-Jan-05,1,,,,,,,,,,,,0,,,,,,,,,,,,,,,,
1324,2005,10-Jan-05,16-Jan-05,1,,,,,,,,,,,,0,,,,,,,,,,,,,,,,
1325,2005,17-Jan-05,23-Jan-05,1,,,,,,,,,,,,0,,,,,,,,,,,,,,,,
1326,2005,24-Jan-05,30-Jan-05,1,,,,,,,,,,,,0,,,,,,,,,,,,,,,,
1327,2005,31-Jan-05,6-Feb-05,,1,,,,,,,,,,,0,,,,,,,,,,,,,,,,
1328,2005,7-Feb-05,13-Feb-05,,1,,,,,,,,,,,0,,,,,,,,1,,,,,,,,
1329,2005,14-Feb-05,20-Feb-05,,1,,,,,,,,,,,0,,,,,,,1,,,,,,,,,
1330,2005,21-Feb-05,27-Feb-05,,1,,,,,,,,,,,0,,,,,,,,,,,,,,,,
1331,2005,28-Feb-05,6-Mar-05,,,1,,,,,,,,,,0,,,,,,,,,,,,,,,,
1332,2005,7-Mar-05,13-Mar-05,,,1,,,,,,,,,,0,,,,,,,,,,,,,,,,
1333,2005,14-Mar-05,20-Mar-05,,,1,,,,,,,,,,0,,,,,,,,,,1,,,,,,
1334,2005,21-Mar-05,27-Mar-05,,,1,,,,,,,,,,0,,,,,,,,,1,,,,,,,
1335,2005,28-Mar-05,3-Apr-05,,,1,,,,,,,,,,0,,,,,,,,,,,,,,,,
1336,2005,4-Apr-05,10-Apr-05,,,,1,,,,,,,,,0,,,,,,,,,,,,,,,,
1337,2005,11-Apr-05,17-Apr-05,,,,1,,,,,,,,,0,,,,,,,,,,,,,,,,
1338,2005,18-Apr-05,24-Apr-05,,,,1,,,,,,,,,0,,,,,,,,,,,,,,,,
1339,2005,25-Apr-05,1-May-05,,,,1,,,,,,,,,0,,,,,,,,,,,,,,,,
1340,2005,2-May-05,8-May-05,,,,,1,,,,,,,,0,,,,,,,,,,,,,,,,
1341,2005,9-May-05,15-May-05,,,,,1,,,,,,,,0,,,,,,,,,,,,,,,,
1342,2005,16-May-05,22-May-05,,,,,1,,,,,,,,0,,,,,,,,,,,,,,,,
1343,2005,23-May-05,29-May-05,,,,,1,,,,,,,,0,,,,,,,,,,,,,,,,
1344,2005,30-May-05,5-Jun-05,,,,,,1,,,,,,,0,,,,,,,,,,,,1,,,,
1345,2005,6-Jun-05,12-Jun-05,,,,,,1,,,,,,,0,,,,,,,,,,,1,,,,,
1346,2005,13-Jun-05,19-Jun-05,,,,,,1,,,,,,,0,,,,,,,,,,,,,,,,
1347,2005,20-Jun-05,26-Jun-05,,,,,,1,,,,,,,0,,,,,,,,,,,,,,,,
1348,2005,27-Jun-05,3-Jul-05,,,,,,1,,,,,,,0,,,,,,,,,,,,,,1,,
1349,2005,4-Jul-05,10-Jul-05,,,,,,,1,,,,,,0,,,,,,,,,,,,,1,,,
1350,2005,11-Jul-05,17-Jul-05,,,,,,,1,,,,,,0,,,,,,,,,,,,,,,,
1351,2005,18-Jul-05,24-Jul-05,,,,,,,1,,,,,,0,,,,,,,,,,,,,,,,
1352,2005,25-Jul-05,31-Jul-05,,,,,,,1,,,,,,0,,,,,,,,,,,,,,,,
1353,2005,1-Aug-05,7-Aug-05,,,,,,,,1,,,,,0,,,,,,,,,,,,,,,,
1354,2005,8-Aug-05,14-Aug-05,,,,,,,,1,,,,,0,,,,,,,,,,,,,,,,
1355,2005,15-Aug-05,21-Aug-05,,,,,,,,1,,,,,0,,,,,,,,,,,,,,,,
1356,2005,22-Aug-05,28-Aug-05,,,,,,,,1,,,,,0,,,,,,,,,,,,,,,,
1357,2005,29-Aug-05,4-Sep-05,,,,,,,,,1,,,,0,,,,,,,,,,,,,,,,1
1358,2005,5-Sep-05,11-Sep-05,,,,,,,,,1,,,,0,,,,,,,,,,,,,,,1,
1359,2005,12-Sep-05,18-Sep-05,,,,,,,,,1,,,,0,,,,,,,,,,,,,,,,
1360,2005,19-Sep-05,25-Sep-05,,,,,,,,,1,,,,0,,,,,,,,,,,,,,,,
1361,2005,26-Sep-05,2-Oct-05,,,,,,,,,1,,,,0,,,,,,,,,,,,,,,,
1362,2005,3-Oct-05,9-Oct-05,,,,,,,,,,1,,,0,,,,,,,,,,,,,,,,
1363,2005,10-Oct-05,16-Oct-05,,,,,,,,,,1,,,0,,,,,,,,,,,,,,,,
1364,2005,17-Oct-05,23-Oct-05,,,,,,,,,,1,,,0,,,,,,,,,,,,,,,,
1365,2005,24-Oct-05,30-Oct-05,,,,,,,,,,1,,,0,1,,,,,,,,,,,,,,,
1366,2005,31-Oct-05,6-Nov-05,,,,,,,,,,,1,,1,,,,,,,,,,,,,,,,
1367,2005,7-Nov-05,13-Nov-05,,,,,,,,,,,1,,0,,,,,,,,,,,,,,,,
1368,2005,14-Nov-05,20-Nov-05,,,,,,,,,,,1,,0,,,1,,,,,,,,,,,,,
1369,2005,21-Nov-05,27-Nov-05,,,,,,,,,,,1,,0,,1,,,,,,,,,,,,,,
1370,2005,28-Nov-05,4-Dec-05,,,,,,,,,,,,1,0,,,,,,,,,,,,,,,,
1371,2005,5-Dec-05,11-Dec-05,,,,,,,,,,,,1,0,,,,,,,,,,,,,,,,
1372,2005,12-Dec-05,18-Dec-05,,,,,,,,,,,,1,0,,,,,1,,,,,,,,,,,
1373,2005,19-Dec-05,25-Dec-05,,,,,,,,,,,,1,0,,,,1,,,,,,,,,,,,
1374,2005,26-Dec-05,1-Jan-06,,,,,,,,,,,,1,0,,,,,,1,,,,,,,,,,
1375,2006,2-Jan-06,8-Jan-06,1,,,,,,,,,,,,0,,,,,,,,,,,,,,,,
1376,2006,9-Jan-06,15-Jan-06,1,,,,,,,,,,,,0,,,,,,,,,,,,,,,,
1377,2006,16-Jan-06,22-Jan-06,1,,,,,,,,,,,,0,,,,,,,,,,,,,,,,
1378,2006,23-Jan-06,29-Jan-06,1,,,,,,,,,,,,0,,,,,,,,,,,,,,,,
1379,2006,30-Jan-06,5-Feb-06,,1,,,,,,,,,,,0,,,,,,,,,,,,,,,,
1380,2006,6-Feb-06,12-Feb-06,,1,,,,,,,,,,,0,,,,,,,,1,,,,,,,,
1381,2006,13-Feb-06,19-Feb-06,,1,,,,,,,,,,,0,,,,,,,1,,,,,,,,,
1382,2006,20-Feb-06,26-Feb-06,,1,,,,,,,,,,,0,,,,,,,,,,,,,,,,
1383,2006,27-Feb-06,5-Mar-06,,,1,,,,,,,,,,0,,,,,,,,,,,,,,,,
1384,2006,6-Mar-06,12-Mar-06,,,1,,,,,,,,,,0,,,,,,,,,,,,,,,,
1385,2006,13-Mar-06,19-Mar-06,,,1,,,,,,,,,,0,,,,,,,,,,,,,,,,
1386,2006,20-Mar-06,26-Mar-06,,,1,,,,,,,,,,0,,,,,,,,,,,,,,,,
1387,2006,27-Mar-06,2-Apr-06,,,1,,,,,,,,,,0,,,,,,,,,,,,,,,,
1388,2006,3-Apr-06,9-Apr-06,,,,1,,,,,,,,,0,,,,,,,,,,1,,,,,,
1389,2006,10-Apr-06,16-Apr-06,,,,1,,,,,,,,,0,,,,,,,,,1,,,,,,,
1390,2006,17-Apr-06,23-Apr-06,,,,1,,,,,,,,,0,,,,,,,,,,,,,,,,
1391,2006,24-Apr-06,30-Apr-06,,,,1,,,,,,,,,0,,,,,,,,,,,,,,,,
1392,2006,1-May-06,7-May-06,,,,,1,,,,,,,,0,,,,,,,,,,,,,,,,
1393,2006,8-May-06,14-May-06,,,,,1,,,,,,,,0,,,,,,,,,,,,,,,,
1394,2006,15-May-06,21-May-06,,,,,1,,,,,,,,0,,,,,,,,,,,,,,,,
1395,2006,22-May-06,28-May-06,,,,,1,,,,,,,,0,,,,,,,,,,,,1,,,,
1396,2006,29-May-06,4-Jun-06,,,,,,1,,,,,,,0,,,,,,,,,,,1,,,,,
1397,2006,5-Jun-06,11-Jun-06,,,,,,1,,,,,,,0,,,,,,,,,,,,,,,,
1398,2006,12-Jun-06,18-Jun-06,,,,,,1,,,,,,,0,,,,,,,,,,,,,,,,
1399,2006,19-Jun-06,25-Jun-06,,,,,,1,,,,,,,0,,,,,,,,,,,,,,,,
1400,2006,26-Jun-06,2-Jul-06,,,,,,1,,,,,,,0,,,,,,,,,,,,,,1,,
1401,2006,3-Jul-06,9-Jul-06,,,,,,,1,,,,,,0,,,,,,,,,,,,,1,,,
1402,2006,10-Jul-06,16-Jul-06,,,,,,,1,,,,,,0,,,,,,,,,,,,,,,,
1403,2006,17-Jul-06,23-Jul-06,,,,,,,1,,,,,,0,,,,,,,,,,,,,,,,
1404,2006,24-Jul-06,30-Jul-06,,,,,,,1,,,,,,0,,,,,,,,,,,,,,,,
1405,2006,31-Jul-06,6-Aug-06,,,,,,,,1,,,,,0,,,,,,,,,,,,,,,,
1406,2006,7-Aug-06,13-Aug-06,,,,,,,,1,,,,,0,,,,,,,,,,,,,,,,
1407,2006,14-Aug-06,20-Aug-06,,,,,,,,1,,,,,0,,,,,,,,,,,,,,,,
1408,2006,21-Aug-06,27-Aug-06,,,,,,,,1,,,,,0,,,,,,,,,,,,,,,,
1409,2006,28-Aug-06,3-Sep-06,,,,,,,,1,,,,,0,,,,,,,,,,,,,,,,1
1410,2006,4-Sep-06,10-Sep-06,,,,,,,,,1,,,,0,,,,,,,,,,,,,,,1,
1411,2006,11-Sep-06,17-Sep-06,,,,,,,,,1,,,,0,,,,,,,,,,,,,,,,
1412,2006,18-Sep-06,24-Sep-06,,,,,,,,,1,,,,0,,,,,,,,,,,,,,,,
1413,2006,25-Sep-06,1-Oct-06,,,,,,,,,1,,,,0,,,,,,,,,,,,,,,,
1414,2006,2-Oct-06,8-Oct-06,,,,,,,,,,1,,,0,,,,,,,,,,,,,,,,
1415,2006,9-Oct-06,15-Oct-06,,,,,,,,,,1,,,0,,,,,,,,,,,,,,,,
1416,2006,16-Oct-06,22-Oct-06,,,,,,,,,,1,,,0,,,,,,,,,,,,,,,,
1417,2006,23-Oct-06,29-Oct-06,,,,,,,,,,1,,,0,1,,,,,,,,,,,,,,,
1418,2006,30-Oct-06,5-Nov-06,,,,,,,,,,,1,,1,,,,,,,,,,,,,,,,
1419,2006,6-Nov-06,12-Nov-06,,,,,,,,,,,1,,0,,,,,,,,,,,,,,,,
1420,2006,13-Nov-06,19-Nov-06,,,,,,,,,,,1,,0,,,1,,,,,,,,,,,,,
1421,2006,20-Nov-06,26-Nov-06,,,,,,,,,,,1,,0,,1,,,,,,,,,,,,,,
1422,2006,27-Nov-06,3-Dec-06,,,,,,,,,,,1,,0,,,,,,,,,,,,,,,,
1423,2006,4-Dec-06,10-Dec-06,,,,,,,,,,,,1,0,,,,,,,,,,,,,,,,
1424,2006,11-Dec-06,17-Dec-06,,,,,,,,,,,,1,0,,,,,,,,,,,,,,,,
1425,2006,18-Dec-06,24-Dec-06,,,,,,,,,,,,1,0,,,,,1,,,,,,,,,,,
1426,2006,25-Dec-06,31-Dec-06,,,,,,,,,,,,1,0,,,,1,,,,,,,,,,,,
1427,2007,1-Jan-07,7-Jan-07,1,,,,,,,,,,,,0,,,,,,1,,,,,,,,,,
1428,2007,8-Jan-07,14-Jan-07,1,,,,,,,,,,,,0,,,,,,,,,,,,,,,,
1429,2007,15-Jan-07,21-Jan-07,1,,,,,,,,,,,,0,,,,,,,,,,,,,,,,
1430,2007,22-Jan-07,28-Jan-07,1,,,,,,,,,,,,0,,,,,,,,,,,,,,,,
1431,2007,29-Jan-07,4-Feb-07,,1,,,,,,,,,,,0,,,,,,,,,,,,,,,,
1432,2007,5-Feb-07,11-Feb-07,,1,,,,,,,,,,,0,,,,,,,,1,,,,,,,,
1433,2007,12-Feb-07,18-Feb-07,,1,,,,,,,,,,,0,,,,,,,1,,,,,,,,,
1434,2007,19-Feb-07,25-Feb-07,,1,,,,,,,,,,,0,,,,,,,,,,,,,,,,
1435,2007,26-Feb-07,4-Mar-07,,,1,,,,,,,,,,0,,,,,,,,,,,,,,,,
1436,2007,5-Mar-07,11-Mar-07,,,1,,,,,,,,,,0,,,,,,,,,,,,,,,,
1437,2007,12-Mar-07,18-Mar-07,,,1,,,,,,,,,,0,,,,,,,,,,,,,,,,
1438,2007,19-Mar-07,25-Mar-07,,,1,,,,,,,,,,0,,,,,,,,,,,,,,,,
1439,2007,26-Mar-07,1-Apr-07,,,1,,,,,,,,,,0,,,,,,,,,,1,,,,,,
1440,2007,2-Apr-07,8-Apr-07,,,,1,,,,,,,,,0,,,,,,,,,1,,,,,,,
1441,2007,9-Apr-07,15-Apr-07,,,,1,,,,,,,,,0,,,,,,,,,,,,,,,,
1442,2007,16-Apr-07,22-Apr-07,,,,1,,,,,,,,,0,,,,,,,,,,,,,,,,
1443,2007,23-Apr-07,29-Apr-07,,,,1,,,,,,,,,0,,,,,,,,,,,,,,,,
1444,2007,30-Apr-07,6-May-07,,,,,1,,,,,,,,0,,,,,,,,,,,,,,,,
1445,2007,7-May-07,13-May-07,,,,,1,,,,,,,,0,,,,,,,,,,,,,,,,
1446,2007,14-May-07,20-May-07,,,,,1,,,,,,,,0,,,,,,,,,,,,,,,,
1447,2007,21-May-07,27-May-07,,,,,1,,,,,,,,0,,,,,,,,,,,,1,,,,
1448,2007,28-May-07,3-Jun-07,,,,,1,,,,,,,,0,,,,,,,,,,,1,,,,,
1449,2007,4-Jun-07,10-Jun-07,,,,,,1,,,,,,,0,,,,,,,,,,,,,,,,
1450,2007,11-Jun-07,17-Jun-07,,,,,,1,,,,,,,0,,,,,,,,,,,,,,,,
1451,2007,18-Jun-07,24-Jun-07,,,,,,1,,,,,,,0,,,,,,,,,,,,,,,,
1452,2007,25-Jun-07,1-Jul-07,,,,,,1,,,,,,,0,,,,,,,,,,,,,,1,,
1453,2007,2-Jul-07,8-Jul-07,,,,,,,1,,,,,,0,,,,,,,,,,,,,1,,,
1454,2007,9-Jul-07,15-Jul-07,,,,,,,1,,,,,,0,,,,,,,,,,,,,,,,
1455,2007,16-Jul-07,22-Jul-07,,,,,,,1,,,,,,0,,,,,,,,,,,,,,,,
1456,2007,23-Jul-07,29-Jul-07,,,,,,,1,,,,,,0,,,,,,,,,,,,,,,,
1457,2007,30-Jul-07,5-Aug-07,,,,,,,,1,,,,,0,,,,,,,,,,,,,,,,
1458,2007,6-Aug-07,12-Aug-07,,,,,,,,1,,,,,0,,,,,,,,,,,,,,,,
1459,2007,13-Aug-07,19-Aug-07,,,,,,,,1,,,,,0,,,,,,,,,,,,,,,,
1460,2007,20-Aug-07,26-Aug-07,,,,,,,,1,,,,,0,,,,,,,,,,,,,,,,
1461,2007,27-Aug-07,2-Sep-07,,,,,,,,1,,,,,0,,,,,,,,,,,,,,,,1
1462,2007,3-Sep-07,9-Sep-07,,,,,,,,,1,,,,0,,,,,,,,,,,,,,,1,
1463,2007,10-Sep-07,16-Sep-07,,,,,,,,,1,,,,0,,,,,,,,,,,,,,,,
1464,2007,17-Sep-07,23-Sep-07,,,,,,,,,1,,,,0,,,,,,,,,,,,,,,,
1465,2007,24-Sep-07,30-Sep-07,,,,,,,,,1,,,,0,,,,,,,,,,,,,,,,
1466,2007,1-Oct-07,7-Oct-07,,,,,,,,,,1,,,0,,,,,,,,,,,,,,,,
1467,2007,8-Oct-07,14-Oct-07,,,,,,,,,,1,,,0,,,,,,,,,,,,,,,,
1468,2007,15-Oct-07,21-Oct-07,,,,,,,,,,1,,,0,,,,,,,,,,,,,,,,
1469,2007,22-Oct-07,28-Oct-07,,,,,,,,,,1,,,0,1,,,,,,,,,,,,,,,
1470,2007,29-Oct-07,4-Nov-07,,,,,,,,,,,1,,1,,,,,,,,,,,,,,,,
1471,2007,5-Nov-07,11-Nov-07,,,,,,,,,,,1,,0,,,,,,,,,,,,,,,,
1472,2007,12-Nov-07,18-Nov-07,,,,,,,,,,,1,,0,,,1,,,,,,,,,,,,,
1473,2007,19-Nov-07,25-Nov-07,,,,,,,,,,,1,,0,,1,,,,,,,,,,,,,,
1474,2007,26-Nov-07,2-Dec-07,,,,,,,,,,,1,,0,,,,,,,,,,,,,,,,
1475,2007,3-Dec-07,9-Dec-07,,,,,,,,,,,,1,0,,,,,,,,,,,,,,,,
1476,2007,10-Dec-07,16-Dec-07,,,,,,,,,,,,1,0,,,,,,,,,,,,,,,,
1477,2007,17-Dec-07,23-Dec-07,,,,,,,,,,,,1,0,,,,,1,,,,,,,,,,,
1478,2007,24-Dec-07,30-Dec-07,,,,,,,,,,,,1,0,,,,1,,,,,,,,,,,,
